a_term	b_term	len(a_b_intersect)	len(a_term_set)	len(b_term_set)	n_articles	pmid_intersection	pvalue	run_time	sort_ratio
mercaptopurine	inflammatory bowel disease	656	4573	47687	33810017	{17162240, 7936006, 1413128, 19077129, 17031182, 33628180, 25239576, 21172256, 18759713, 21381155, 17653797, 24340518, 21172265, 30851117, 18516013, 21172270, 15317038, 22386736, 18516018, 11302961, 16181300, 17973305, 6359103, 24707136, 34287682, 9740355, 21172293, 9547850, 29315147, 17129552, 18200659, 11419732, 11239509, 33136726, 17188950, 28276819, 20205660, 26935390, 23253089, 25389155, 12003428, 17455203, 17033318, 20881512, 15388785, 21323897, 18266236, 21530749, 17567870, 9705598, 8755333, 1935495, 17662091, 15341713, 15167634, 15952020, 28899477, 12617881, 29192347, 11696283, 20367524, 30349479, 20045992, 10692777, 21180588, 1935537, 9687219, 15788214, 22147254, 16128185, 29522107, 23515325, 22956222, 32766146, 16431300, 10555589, 9812167, 7583950, 9048271, 21575887, 16961748, 9050327, 15167706, 6136027, 11995359, 21960930, 21272804, 26878185, 15089898, 31217902, 30701812, 27465973, 28160250, 25248004, 9724170, 20934926, 1497359, 21846292, 25071902, 12650783, 33753379, 25846055, 15104299, 30900526, 1499440, 30159153, 34830644, 9314617, 33661242, 10029372, 26728773, 19214663, 28406092, 16795981, 14743886, 34056527, 24117596, 16918876, 19409244, 27158876, 15745379, 26503525, 25923946, 17561966, 23978351, 2492786, 18467186, 11233655, 22241664, 12003713, 2152845, 8485264, 22221203, 10566035, 12812701, 20087199, 15354273, 23103905, 26950049, 20926885, 31435176, 31570344, 15929770, 12642735, 16048561, 15841714, 18577852, 35293629, 26606012, 12902847, 17328579, 10734022, 25569737, 10656204, 15677905, 10967507, 16009685, 12769750, 28424670, 29180383, 34755040, 27943397, 17717741, 26425841, 24312308, 26061303, 30169593, 2427386, 1479163, 29145599, 8534531, 15149582, 26876431, 11096601, 26067482, 16222751, 1636900, 27867685, 27648552, 20812329, 16153132, 24013359, 16773681, 29430323, 7762487, 7973432, 20949566, 12776005, 11698762, 25758282, 18600523, 10875470, 17304143, 15858256, 33223251, 11600469, 23325274, 15854172, 25895526, 12122738, 21029495, 33802871, 17037946, 18532990, 17334911, 9192064, 31263361, 15118980, 17988235, 24099468, 16493198, 24126096, 31990422, 26481311, 27402913, 12772006, 30198438, 16128682, 16128683, 11707060, 33770165, 27882164, 12544696, 24808120, 20112061, 19174078, 18506437, 10930894, 25770706, 17042131, 16765651, 19821270, 11244253, 17980127, 9317088, 17683171, 24767205, 2460392, 23872237, 9515759, 2802419, 24011513, 25797379, 17568519, 11057928, 32064265, 12610313, 32885513, 18799369, 28914446, 18557712, 8809233, 8708884, 16028439, 12512024, 24824603, 27192092, 15893279, 24982311, 24574759, 20880170, 16886576, 21648178, 22434610, 33872691, 18662197, 24879926, 21789495, 15979323, 29197117, 16159550, 20214590, 23446336, 22993728, 32185153, 24376133, 17593158, 10953543, 34890567, 12069704, 15756101, 29754190, 15545169, 25834322, 18666323, 28228435, 30686035, 28644183, 19438424, 18299738, 24974183, 32306025, 21654383, 15168370, 27399027, 15991678, 23149442, 9608068, 19280773, 9753482, 18666383, 19706768, 18662289, 30675861, 15010715, 16917406, 16618398, 24714152, 25217962, 8420272, 33538994, 12172211, 21519282, 19440565, 20308917, 29361083, 8889277, 20222913, 15963074, 24488903, 21941193, 20175817, 15139787, 20497356, 20556747, 12960720, 29270995, 32342997, 20700117, 27392984, 15881178, 17023965, 2210794, 17576940, 17667053, 25029617, 16835574, 15580150, 34595833, 25162749, 2044925, 23049215, 21181440, 19145729, 19786757, 20558853, 35042318, 19786771, 23467027, 28210198, 28554266, 15475740, 28617756, 34487330, 21722149, 6687782, 10710057, 33532972, 15455280, 27833392, 29338679, 25791546, 22946880, 28963908, 34239556, 10566724, 15352907, 17253451, 19235915, 23555158, 15094873, 7640156, 16034910, 23424097, 25928802, 17065060, 10828903, 10828907, 19160175, 21793904, 23716977, 10957937, 22535279, 28826742, 34518143, 22744192, 11007112, 1504396, 8633486, 17296529, 9395347, 19006615, 23032984, 11469977, 12590235, 11469981, 11469984, 8563872, 11781282, 21941413, 19709096, 8580265, 15131819, 25752753, 19252404, 19631285, 34442422, 1858742, 33608894, 31337664, 11910342, 19950798, 15992018, 25083093, 16633046, 15056086, 12641505, 18564323, 6538474, 11121903, 33283312, 22588657, 7906546, 31792371, 11726077, 12702974, 26854655, 12702978, 22050052, 2565381, 18083079, 34987282, 29342997, 12131606, 16368919, 16166171, 18625819, 34661663, 11052324, 12684584, 17200426, 12684587, 23665964, 1676590, 15201586, 7914811, 16078142, 32322878, 29140288, 11380040, 26072396, 12477776, 34764119, 31464791, 23946592, 25873760, 15316320, 2614627, 28566883, 11111780, 18431330, 19072367, 17206640, 17132918, 28130685, 12791168, 9883009, 11079044, 11079046, 21925255, 12891528, 12891531, 10499471, 29293971, 22767000, 16207256, 17206694, 31530407, 23317929, 28532139, 30451123, 17206711, 11472312, 14697913, 15199672, 25707965, 15316419, 1893828, 11472325, 20155846, 23051720, 23051721, 11173323, 29783500, 27760078, 9895376, 21407186, 23330258, 12869078, 23330262, 12815833, 20594138, 19906011, 25789922, 18513380, 30901734, 30379500, 29147133, 23467510, 31788536, 21122554, 25101818, 22646267, 21122558, 20190722, 20706819, 25081347, 26263042, 26660358, 12656136, 17894921, 25198089, 11677195, 10796557, 22072847, 12721680, 27057681, 28278299, 7521821, 17133087, 11085348, 25284134, 19183142, 31639082, 16614955, 28857898, 29414958, 20932143, 18433585, 28038706, 16543290, 16954954, 8447563, 16498254, 15097439, 15330913, 12809828, 15599205, 10514022, 16854631, 15703660, 23783022, 16334449, 22142578, 28839543, 22337144, 12940924, 19363461, 8050312, 22972046, 8881811, 21438101, 30863001, 20412066, 32917155, 17544875, 21249709, 2866866, 16105163, 1408722, 17252054, 17391318, 20479703, 16842460, 33750748, 18286306, 19441378, 17655530, 31516395, 12113642, 24520429, 22664938, 23787247, 10022640, 8638193, 35006201, 26076924, 21989119, 29564674, 29718278, 26226448, 27809554, 15709982, 11929382, 22773547, 22841133, 8884023, 32233278, 15177535, 24299329, 23138114, 10372932, 12693317, 17659718, 22257476, 28045129, 8204107, 14602060, 14602061, 25831249, 19885906, 18034516, 23408468, 33472343, 22605661, 11683683, 18294633, 21593964, 30941038, 7640945, 12021625, 33929082, 18304898, 20393862, 8898442, 12093322, 3327885, 18810768, 17532817, 15472529, 11564954, 35024806, 24436652, 29775790, 29357999, 16760753, 28839859, 29917107, 21616565, 2670519, 1497017, 20699068, 12492734, 28839871, 11515842, 11966406, 25239495, 25968584, 14628819, 26269667, 25853923, 18761704, 19724267, 3653629, 20015102, 28489727}	0.0	0.01250767381861806	0.013756369660494474
curosurf	respiratory distress	162	354	47506	33810017	{11061760, 8445442, 29736457, 8835084, 8215564, 8378900, 21410324, 16770072, 27077658, 25628188, 20883997, 14743584, 26884641, 2040354, 30957609, 1505835, 32566323, 8090164, 10596413, 15649855, 28778052, 8155207, 31258703, 18173010, 2117204, 2117206, 12478563, 12169831, 10960491, 8327278, 12612208, 22691953, 11794037, 8580215, 10921591, 25502842, 24886906, 10830460, 2274941, 1988229, 1988231, 14655120, 26757268, 25065621, 10155674, 2038427, 1391261, 1396894, 1391262, 12200607, 1391264, 1391266, 1391267, 8126628, 8413348, 1391265, 17069738, 2275499, 2197165, 28913327, 1779394, 8255683, 26044099, 34686153, 3130571, 1933519, 12463314, 1437396, 16759511, 15942360, 1407193, 1509593, 9374427, 34447583, 1727997, 8808165, 9925870, 26954481, 26790130, 32770804, 16155382, 17394936, 9200378, 1631999, 15232767, 33929473, 11420417, 12897027, 29618436, 8233735, 8370446, 29989135, 10973461, 28221717, 30897431, 8464669, 21439262, 33461535, 8529712, 8359730, 9240884, 8529721, 19649338, 32642365, 7743295, 8763715, 11332933, 1616198, 1932103, 33191240, 28203337, 31694668, 7527760, 7898964, 8296279, 10852192, 1479521, 1805156, 1303908, 19348326, 23612264, 19348328, 33420141, 9316205, 15849841, 7843201, 8117122, 9226120, 15204746, 8113035, 20110733, 1841041, 16698258, 20589459, 20948885, 33403805, 18175392, 17978790, 7820711, 19830697, 23692717, 21324208, 15085492, 7647157, 2903480, 9533371, 15805381, 1304522, 12956620, 15196112, 1293266, 9762775, 26296793, 15718361, 17163230, 12373475, 9120744, 24039400, 26322413, 24589806, 21371901, 7995390}	0.0	0.010520704090595245	0.003410095566875763
pegloticase	gout	127	142	13599	33810017	{23144450, 33293318, 31777799, 25648140, 21127695, 34379791, 33750034, 18393109, 20660758, 26258966, 23762971, 20238366, 22560299, 24378930, 22503989, 22035516, 28623421, 31471165, 24602182, 30583886, 25256017, 22655581, 27509346, 22931049, 31079535, 31673974, 21304442, 23089276, 34656384, 32946311, 24588936, 18759308, 19339925, 34997911, 22198943, 23342241, 33427618, 33601190, 32620200, 26474153, 30577324, 28818095, 22941874, 30594229, 27790013, 32090301, 31965378, 30843588, 22660805, 23981765, 22960848, 23539921, 23901393, 32720081, 25547991, 22665944, 22156509, 25224415, 25816806, 22844655, 27769591, 32934137, 22068987, 34481925, 22293773, 26509070, 21812496, 20719377, 33222416, 34935576, 30915866, 31743263, 35293984, 23327525, 29725991, 23836458, 29204266, 28658988, 24286509, 22303534, 18420531, 27493693, 35167037, 24492863, 21846852, 27200846, 26845010, 28430170, 25876828, 35238750, 31610209, 25162087, 33521512, 28379501, 26947439, 26165106, 23121270, 22395256, 30611833, 28816765, 32300419, 26086788, 32600452, 21684104, 31203212, 19463070, 33044389, 23231400, 24839602, 24447425, 22366146, 27605442, 20110792, 24809930, 24733135, 23104464, 25417679, 25330136, 32568281, 25180126, 25180130, 29386212, 32841190, 27457514, 21622774, 30425593, 21382654}	0.0	0.011288731126114726	0.00933892197955732
factor von willebrand	von willebrand	65	65	20672	33810017	{10574592, 31062529, 32058372, 19595526, 7522311, 14500614, 10974219, 8828560, 11005585, 28122514, 28743060, 15282455, 11523352, 19193498, 14678810, 21468954, 20182558, 17885218, 20142117, 11078822, 21776296, 33203754, 16316970, 15956138, 17979694, 20133038, 7839024, 2435633, 26782004, 19437365, 14512308, 30272052, 7516986, 28674874, 28403644, 14690496, 300481, 12660161, 21851461, 19540678, 9455430, 19707337, 1084106, 9951819, 3085260, 356556, 34484561, 20430418, 32759635, 9704660, 17673684, 20302038, 22089178, 15095645, 22206686, 11515869, 31902309, 311530, 20697583, 3872883, 28360822, 25224310, 21083900, 32281469, 15529598}	1.1700241522544981e-209	0.007971869083121419	0.0031443498452012383
eluxadoline	diarrhea	68	115	78481	33810017	{26714241, 27647873, 33769858, 31294724, 33953798, 31972619, 31984655, 30820368, 29451407, 27494159, 32308371, 28203283, 26092951, 28824858, 29172123, 29894043, 30267294, 35122590, 31019552, 28070176, 29090081, 30189347, 35122592, 27257381, 34727333, 28674470, 27436200, 26559529, 31759144, 24330412, 28747053, 28932272, 27267380, 28236087, 26690872, 29372991, 28804032, 31707713, 26971716, 31356229, 29033544, 31632456, 23583433, 27134665, 29575372, 30288076, 27331917, 28417992, 26845008, 30293448, 26558923, 28729815, 31025114, 27875419, 26432092, 33241185, 25261794, 28989282, 33982945, 26236136, 32467816, 27922029, 33010413, 26789872, 33566707, 28167156, 26929659, 29209215}	2.941906993965936e-147	0.048056460916996	0.0008664517526535085
voxilaprevir	chronic hepatitis	39	109	48662	33810017	{30663168, 29059462, 30395912, 33338248, 31204882, 29181842, 29155352, 29859740, 32392606, 34666403, 32947629, 30006068, 32541241, 29546556, 33111612, 31061950, 30964552, 30641483, 30687952, 31203153, 28673106, 31858513, 35248212, 28390869, 32807510, 32553687, 31197910, 31451229, 31413603, 33418597, 31318504, 33677545, 33447530, 33220331, 30199279, 30717681, 31082871, 33083256, 31041789}	7.760896735376321e-82	0.011278169928118587	0.0008014467140684724
alcaftadine	allergic conjunctivitis	20	25	1902	33810017	{21314437, 24109191, 21340041, 32501774, 33463568, 31436181, 21339800, 30020258, 22035879, 21250860, 34029500, 25999684, 26185412, 22811343, 25260889, 31340775, 22348913, 21383667, 27192186, 29543548}	4.841688263090345e-81	0.0023436129558831453	0.010515247108307046
denosumab injection	osteoporosis	30	52	72341	33810017	{33541393, 34631186, 28242067, 35059476, 32715031, 29264666, 22943389, 32716706, 22854051, 31898803, 34421429, 30964153, 25993017, 33057735, 27682248, 23337161, 31533771, 29445836, 19657689, 33223260, 31598815, 31991007, 30659428, 33987688, 27732330, 33555564, 31273841, 29228533, 32548215, 32459005}	2.0892650705287083e-66	0.04001459293067455	0.0004147025891264981
bismuth subcitrate	gastric ulcer	33	601	10312	33810017	{8561152, 1957121, 7555458, 7489931, 9279507, 10749593, 3305117, 9684129, 9881506, 7615269, 3535018, 15818420, 10566201, 3084345, 25446589, 2184128, 2186304, 3465027, 3244996, 2515527, 2660554, 9631309, 2007640, 12942042, 15807452, 3660894, 32598751, 12207204, 3075178, 3687149, 8452981, 8615543, 3335295}	1.829477279022466e-62	0.0029379900079220533	0.0032001551590380138
supartz	osteoarthritis	23	23	73668	33810017	{27688841, 12834190, 23074461, 31511072, 33426208, 20697901, 27146676, 27471412, 34044600, 27403194, 17200322, 29326532, 29219021, 34515539, 15021143, 15846754, 16625635, 31019370, 12701040, 20964466, 31453043, 29542009, 21197309}	5.99627986362794e-62	0.045298147946596146	0.0003122115436824673
levocetirizine	pruritus	32	426	17167	33810017	{28511488, 26633089, 30376706, 15480324, 15853959, 23942038, 20480793, 19860762, 20377116, 23282334, 19053988, 16874418, 28081586, 18761784, 12911418, 23147964, 24673474, 11859651, 16650180, 16910288, 24307924, 18651988, 19430742, 34179031, 31519068, 17163229, 32916325, 29507561, 30745975, 34464376, 20226302, 19808127}	4.857871359150223e-58	0.010281430091708899	0.001864041474922817
recombinant human gad65	gad	19	36	10945	33810017	{10891904, 9300229, 9058186, 7772701, 8969635, 9339684, 8933286, 11532327, 21395375, 15992379, 7783365, 17325256, 9451598, 18830927, 9757911, 10673368, 24598244, 8370667, 9483382}	4.154850532405421e-57	0.013849976938217878	0.001735952489721334
khellin	angina	31	341	54733	33810017	{14848389, 6421255, 13021567, 15432461, 14877201, 14793361, 14795033, 14792730, 14824862, 14904352, 13409314, 14924454, 14924456, 12982441, 14905898, 14424745, 13043375, 13043376, 14919343, 13008310, 13061944, 14893241, 14888509, 13561807, 13153762, 14806755, 14943722, 15402097, 13816307, 14387959, 15432447}	1.820356139526574e-43	0.03289112797938287	0.0005663859097802057
recombinate	hemophilia	18	101	12874	33810017	{1421824, 11547361, 12098083, 8623140, 8167332, 27214819, 19137127, 12098088, 19707401, 14584967, 1448776, 1421823, 9134639, 31850352, 12008945, 16163220, 17456190, 9160671}	1.0133438309599307e-42	0.01114187203347683	0.0013981668479105174
clotrimazole	otitis externa	22	2656	1886	33810017	{28594048, 14998407, 20347664, 34226449, 22688793, 9065882, 29165345, 25031085, 12081339, 16474052, 33718990, 9230670, 14682457, 16238809, 28501466, 24579301, 11779301, 15183592, 15491051, 22529649, 18852977, 29757562}	3.5775137834532997e-40	0.0025887528900057077	0.01166489925768823
doxylamine succinate	vomiting	23	98	72692	33810017	{3400069, 27881103, 24548499, 24748822, 32623767, 34808217, 2874910, 15625257, 23696171, 28090157, 12214324, 19923636, 27731292, 23166178, 22190950, 25884778, 25663469, 20843504, 11118967, 24527483, 21079545, 33049467, 6708478}	5.555850168484321e-40	0.036956384079530835	0.0003164034556760029
1-methylpyrene	polycyclic	16	38	30328	33810017	{10469624, 25025602, 27501763, 33171047, 8472328, 34695688, 11321288, 23611659, 19481134, 24802129, 32899285, 18788758, 11754295, 3599094, 24337722, 20391135}	3.8205512548942924e-39	0.017539840890094638	0.0005275652862041678
minirin	nocturnal	18	63	38136	33810017	{9165600, 6163201, 8493474, 9165603, 11192770, 9165605, 568870, 29484228, 9165611, 25745483, 3371214, 35046231, 10191892, 7970999, 14586363, 8149177, 9054075, 9158268}	2.1462257521362967e-38	0.02269789297133684	0.0004719949653870359
minoxidil	sodium retention	21	2014	2429	33810017	{1029893, 6985752, 21786, 7442081, 7230242, 304292, 7009831, 443947, 2857516, 6156348, 6156349, 6994495, 6108737, 6156357, 603847, 6156363, 1534292, 21896152, 7160416, 2880494, 7432694}	3.303708322040759e-38	0.0026432559825479984	0.008645533141210375
insulin peglispro	type 1 diabetes	16	38	44882	33810017	{28817248, 27393697, 28328234, 29160108, 27486125, 27265390, 26278063, 29316143, 27723226, 27169522, 28587667, 28417532, 27484021, 27393722, 27723228, 27188479}	2.0066126174612037e-36	0.009325467981398106	0.000356490352479836
other quinolones	methicillin resistant staphylococcus aureus	23	393	23742	33810017	{8723467, 14638477, 32738837, 2942103, 16940059, 7559198, 1317281, 20065058, 10747819, 8394816, 26794819, 8935122, 9687379, 2732120, 9106012, 3571042, 3144547, 25604710, 17890283, 30957167, 7646580, 1330421, 3473910}	2.136183591591892e-36	0.006756976014003158	0.0009687473675343274
cefpodoxime	bronchitis	27	849	22471	33810017	{7699846, 2681864, 7783315, 8833562, 8371496, 1726206, 2292532, 11810485, 2292535, 21455420, 7824317, 16896576, 14498754, 17296462, 17402834, 8752860, 2810723, 8043747, 2562789, 2562790, 2810725, 2810726, 2810729, 2810732, 7990261, 8746104, 7792126}	6.860578672704205e-36	0.01405020197853446	0.0012015486627208402
dimenhydrinate	nystagmus	20	372	13857	33810017	{26475420, 13310365, 3929760, 13039392, 29238692, 6332454, 22506537, 7159338, 2683568, 23252288, 16047682, 4024910, 12189776, 15823712, 24782447, 31750127, 21142898, 3994616, 135163, 21401214}	9.679894094546918e-36	0.009474669815972447	0.0014433138485963773
arbekacin	chronic bronchitis	19	415	10018	33810017	{17180803, 19024644, 15376784, 25980050, 25980051, 25980052, 10923284, 14692377, 26182813, 12532637, 9503780, 9755430, 10480048, 8721076, 8752860, 16161758, 8851305, 11560054, 8072190}	2.417640689046374e-35	0.0034987349063158035	0.0018965861449391096
insulin degludec and liraglutide	hypoglycemia	14	30	31624	33810017	{22435393, 25697410, 27943107, 30308134, 25114296, 26894800, 27467569, 25876562, 33132503, 28332144, 27484310, 28799414, 25816888, 31347100}	5.609410720523804e-35	0.024954764172434807	0.00044270174550973943
naftifine	onychomycosis	13	182	3436	33810017	{10439936, 8393313, 27537822, 34725278, 12499173, 32635240, 32232786, 7619094, 28894295, 8444055, 27386459, 15189181, 32406142}	2.954194073032385e-33	0.003580502001568675	0.0037834691501746217
myrbetriq	overactive bladder	9	10	6846	33810017	{28025920, 23459457, 31961826, 23319844, 31085638, 32728649, 23818156, 34056686, 25565203}	5.690629043235356e-33	0.003549572778865695	0.0013146362839614374
tenofovir alafenamide	proteinuria	28	761	41400	33810017	{25102336, 32787843, 25867913, 31601174, 28558493, 26627107, 28272164, 30167339, 27130284, 32065713, 34044856, 28677314, 31464642, 27828808, 24872136, 32189003, 32925387, 31679186, 27190354, 27753684, 30932951, 26829661, 30515426, 27673443, 32703729, 25890673, 32757496, 33273214}	1.1452640529970887e-31	0.0835319401230663	0.000676328502415459
fludrocortisone	adrenal function	17	1218	3452	33810017	{6758113, 34324679, 6486151, 31149134, 29568655, 15542960, 15836793, 21686452, 16259572, 34463766, 18434902, 24683477, 15251609, 6325050, 25066331, 24755997, 18787390}	8.759436741971154e-31	0.002322576940059662	0.004924681344148319
staurosporine	ptp	29	8541	5150	33810017	{19217411, 12444550, 1622407, 16092946, 10803607, 16162972, 7616427, 10437164, 16481323, 9606958, 8764975, 14666168, 16327993, 12764093, 14561215, 8779841, 12459463, 15209419, 10501196, 15210575, 11811535, 7537105, 10600535, 15963994, 16027232, 16793699, 8220908, 8930166, 24282237}	5.907016604408336e-29	0.003804038977250457	0.005631067961165049
cetirizine hydrochloride	allergic rhinitis	13	78	19089	33810017	{26345920, 17042147, 18405155, 15633894, 10876807, 29798120, 12592651, 29798123, 24992750, 10478514, 11765592, 32853084, 26964157}	1.2572601181248454e-28	0.005068458151072264	0.0006810204830006811
tranilast	allergy	29	658	70895	33810017	{1434116, 33383049, 26011018, 1434132, 12672153, 7690011, 1375005, 34135201, 2459939, 22753703, 15486771, 9178940, 18271809, 1514948, 16313925, 7505860, 10772941, 3814221, 1711310, 7913297, 29107673, 1384414, 3220322, 22330086, 23121382, 23821545, 33149556, 7687418, 20335611}	1.903251419644407e-28	0.0370929129421711	0.0004090556456731786
vitamin k	chronic atrial fibrillation	26	16619	1983	33810017	{20139651, 31771529, 25440788, 12659605, 31781781, 15071257, 16711200, 10796453, 34123949, 21910061, 18844728, 17102654, 7724354, 20858185, 21430608, 32665940, 30181717, 25501413, 22669799, 23514988, 9296238, 16444657, 21686645, 10741238, 17925502, 10835711}	4.20561285878744e-28	0.0023314710706472397	0.013111447302067574
venofer	chronic kidney disease	15	81	57824	33810017	{27296257, 20466657, 15522403, 19891683, 25925701, 19517894, 30947751, 29934762, 23701359, 19200274, 19432851, 21439379, 22629113, 17704954, 18786076}	2.29096826361104e-26	0.012546664103865623	0.00025940785832872165
spiperone	hyperactivity	39	2623	50037	33810017	{6834436, 2889605, 3220106, 6962442, 6149133, 4040977, 2551698, 6804884, 3938840, 6543001, 3941414, 3114664, 28116523, 6133932, 7906989, 9164590, 9708848, 2571700, 9761463, 2947255, 8616504, 8000442, 7198139, 8105798, 7912134, 6682440, 6539859, 2987476, 8665555, 2866774, 3018845, 2939362, 9112678, 1973734, 15520493, 8561906, 8811507, 9137910, 6142588}	8.244396330727656e-26	0.028783780988305807	0.000779423226812159
triglycidyl isocyanurate	dermatitis	12	37	61676	33810017	{1386016, 2972516, 11156005, 8508645, 12165929, 30075342, 26940399, 1534738, 9153332, 8156756, 8970840, 20717691}	2.4090622421806293e-24	0.03615378309041262	0.0001945651468966859
ravuconazole	candidiasis	13	212	16263	33810017	{30968320, 15640704, 17927303, 24071640, 14693531, 12956208, 30284178, 33609301, 12654646, 16117974, 11155734, 15821782, 19803707}	1.295469154117203e-23	0.011155026033520699	0.0007993605115907274
opsumit	pah	8	13	24743	33810017	{24728960, 27580996, 24297706, 26385839, 25060980, 27321813, 28671484, 24851934}	1.0542182659212545e-22	0.020473741926252842	0.00032332376833852
histalog	peptic ulcer	12	131	22482	33810017	{186880, 908898, 14046306, 3066307, 7185354, 5848304, 935794, 8975987, 1019670, 4545495, 5311672, 1545375}	2.1973910069233936e-22	0.007432805839926004	0.0005337603416066186
vitamin b12 injection	vitamin b12 deficiency	7	33	3103	33810017	{21623649, 33180098, 24401542, 15768109, 1556528, 18653402, 34782847}	2.3224431429169743e-22	0.00222051702439785	0.0022558814050918467
trabectedin	angiosarcoma	13	715	6104	33810017	{20132000, 24712007, 24555529, 20943627, 25048045, 22987955, 29552543, 22035513, 29194075, 23714556, 21183581, 32400254, 29286911}	3.4905833187919923e-22	0.0027548379730433226	0.0021297509829619923
benralizumab	esophagitis	14	461	14101	33810017	{33966304, 35283330, 33012326, 29611207, 34642091, 33236428, 31391853, 22541618, 34035732, 34620757, 32673880, 34422489, 34209213, 35072575}	7.403037730721548e-22	0.01494799298234284	0.000992837387419332
acetazolamide injection	moyamoya disease	7	61	3720	33810017	{24868419, 18648196, 32662761, 33687287, 32115416, 27913820, 8229245}	8.424275779362234e-20	0.002038588048890233	0.001881720430107527
check	hypothyroidism	132	57134	33153	33810017	{23306752, 23174158, 28852243, 23106067, 17542675, 28066326, 30937112, 2091548, 17379360, 23776802, 31998500, 30962212, 30915112, 24987693, 30799424, 34584649, 30746700, 34565724, 7958110, 22425701, 28657259, 27761265, 22966899, 3923574, 26775673, 29340281, 23240319, 7643782, 34447495, 8901256, 1443467, 33808529, 28572820, 15057049, 32522908, 27584159, 32963752, 34527401, 16320682, 23381164, 30541485, 32606895, 9157807, 27271351, 34250426, 24665276, 697532, 28290237, 10224835, 31093955, 33687750, 17080519, 34273482, 22442713, 24619737, 10434779, 19041504, 27839713, 6818530, 34107621, 7129318, 12357352, 23468266, 14557420, 12527852, 7976172, 31879407, 33112818, 30308083, 34660084, 32632053, 26110199, 24171256, 12064507, 23426813, 33177863, 32064267, 21726489, 28155174, 33599783, 28712235, 25083181, 9857330, 34671932, 34286911, 33061698, 11446082, 28603207, 15773513, 15242571, 17199436, 16322379, 34912598, 29599065, 22626661, 7702890, 22611832, 30029689, 6790016, 17205639, 34324873, 8545162, 31537563, 21068711, 30680490, 25180082, 21834678, 961467, 16682940, 30113215, 11786691, 33165252, 15291335, 35204553, 22405578, 24807886, 7056846, 33049040, 30306774, 3405782, 32176089, 7744994, 30827493, 19450344, 29562858, 23029740, 6523885, 24694766, 16358380, 35146739, 32041973, 10595833}	3.818824401246344e-18	0.03190819197334349	0.003981540132114741
discovisc	lens	9	23	88662	33810017	{18714496, 27492096, 30272034, 16547332, 20395973, 17717768, 16473232, 35175318, 22034557}	4.6346119531060236e-18	0.07792577403597534	0.00010150910198281112
vanillin	pca	32	3068	50041	33810017	{30076416, 2169473, 30478728, 34931852, 31028493, 31798685, 33193247, 25562402, 34249890, 28269986, 16364334, 30038320, 33992377, 22356160, 31732040, 29756361, 18275147, 19681612, 23265487, 28850897, 25582673, 28827602, 20005332, 32971993, 30478939, 32817641, 35033708, 31294830, 34204654, 19256561, 34136692, 31080566}	4.415369511190752e-17	0.03740547294728458	0.0006394756299834136
tofacitinib citrate	alopecia	7	32	18800	33810017	{31581859, 28581223, 33301867, 27699252, 26889081, 27306107, 26630079}	5.459042997733411e-17	0.012900664005428553	0.0003723404255319149
4-tert-octylphenol	testicular	17	441	66299	33810017	{12188353, 16631297, 23626723, 15820099, 15013063, 15669608, 17696135, 26476329, 18065196, 22560493, 19477298, 16520019, 25863316, 16537657, 26961849, 30698749, 14555198}	7.92280417075305e-17	0.041299335891380906	0.0002564141238932714
acetaminophen caffeine	headache	11	79	78728	33810017	{30019592, 27169097, 12665160, 31379948, 799981, 24259597, 11417614, 18164918, 10770872, 2052380, 12680479}	8.522770837764153e-17	0.05321401101537049	0.00013972157301087287
p30	lymphomas	29	2885	44483	33810017	{1325569, 6959750, 2826376, 178443, 197261, 9110287, 7121053, 6330269, 7513503, 6099618, 63529, 6320170, 6245301, 2538550, 87479, 3527992, 1867319, 1867320, 26224701, 2867660, 6311759, 6332242, 182358, 6512505, 7641436, 2417271, 31736441, 215676, 1140861}	1.6354234783758037e-16	0.10373040800914168	0.0006519344468673426
quisqualic acid	cpp	10	477	11462	33810017	{18515016, 1723755, 8723533, 1361582, 2552079, 2163120, 1882327, 1982456, 12571450, 1648059}	2.6436012156099157e-15	0.05554901622235775	0.0008724480893386843
rehmanniae radix	tof	10	164	40056	33810017	{31731809, 33930370, 29945379, 33975272, 31537418, 32495598, 30359761, 35181489, 30641909, 34047132}	1.3516660958999589e-14	0.07131442101672292	0.00024965048931495907
oxotremorine	ovary	32	2319	84338	33810017	{8263809, 7133321, 18664591, 17065363, 17392404, 19767446, 11303071, 10635059, 19858360, 9190843, 11504829, 1956033, 30554957, 34582990, 8666061, 12694864, 1331410, 10323410, 15655507, 19730136, 9882458, 27003873, 8569698, 10713961, 7929325, 22031472, 24558448, 11961078, 10188792, 10215674, 2550780, 19682302}	3.0139361548771694e-14	0.16438004886731505	0.00037942564443074295
tretinoin microsphere	erythema	6	25	31261	33810017	{20482688, 18724648, 19363857, 18479477, 11845943, 15916222}	1.0894700296738826e-13	0.016477835830301046	0.00019193243978119702
amd3100	artery occlusion	16	1373	30238	33810017	{34881088, 25010020, 23168453, 18711749, 24876262, 29669322, 23894446, 20437584, 27991729, 26253714, 24581269, 29776406, 18206136, 21836090, 34373723, 34794335}	3.727390193855078e-13	0.009805547073483467	0.0005291355248362987
3-ap	neutropenia	12	463	37773	33810017	{17931556, 20981545, 19679886, 16537806, 19941936, 11809908, 27207797, 17851637, 22105720, 15117978, 19246715, 17585372}	4.162306125591062e-13	0.023129155859351158	0.0003176872369152569
reduced glutathione	amyloid	104	17853	89324	33810017	{28163090, 19222556, 32383521, 12688419, 24442916, 20540983, 33053754, 32927809, 12606032, 17716817, 24690259, 23239252, 18423383, 25265752, 34170456, 12270688, 19694182, 34541159, 22810216, 20580465, 20688501, 31321719, 27566203, 27508860, 26071678, 32484999, 29330058, 34943114, 21116051, 26638997, 18208924, 28702365, 26142889, 32827572, 9522357, 23519932, 24866499, 25829572, 30101704, 33782984, 30970573, 23936214, 31618776, 29321950, 10691295, 25743585, 27654890, 35096303, 21448434, 23044340, 15639802, 32124160, 11897097, 27757835, 24747275, 12124438, 26535703, 29660442, 30227236, 34903846, 31159590, 32772909, 22045490, 34306377, 9804622, 12065621, 32030557, 34572130, 32528227, 34205542, 19702120, 33917814, 17027965, 10784133, 32486277, 31991177, 25048970, 30365070, 31198107, 26878879, 25880991, 27830689, 19102631, 24561065, 29782959, 26102198, 29627323, 15607739, 23333311, 23303629, 35001806, 18031570, 11578838, 28390878, 15674847, 26887646, 17822693, 27177966, 30395886, 25079793, 25545714, 29476851, 19557365, 33011197}	5.891767700966314e-13	0.06829712889157236	0.0011643007478393265
iodoquinol	abdominal pain	7	38	62537	33810017	{16496064, 21524324, 9443114, 29503786, 10795375, 12918131, 20348509}	8.887260528969558e-13	0.011653262889012694	0.00011193373522874459
peretinoin	hepatitis c	6	15	81130	33810017	{24732793, 29360739, 25209978, 27649418, 24728665, 23587162}	9.377668297913057e-13	0.020009155850857496	7.395538025391347e-05
calcium homeostasis	malabsorption	23	8943	12623	33810017	{28383630, 25391248, 9364245, 34522774, 15644568, 10501788, 22513949, 15075998, 17119391, 32774945, 29955623, 25289773, 3439535, 31067701, 30895164, 646719, 30641095, 18982351, 19821402, 24823922, 31679731, 468980, 29484538}	1.696345807938896e-12	0.013448217883706093	0.0018220708231006892
nalorphine	miosis	6	663	1740	33810017	{5673987, 945347, 14340933, 60089, 608317, 2550623}	2.0636283683257176e-12	0.0024109510704874992	0.0034482758620689655
asiaticoside	keloid	6	342	3469	33810017	{21240513, 25331681, 13961096, 28346732, 27784253, 22939261}	2.3985029894709016e-12	0.0022241000551730394	0.0017296050735082155
geraniol	proboscis	7	1598	1701	33810017	{8950019, 10604836, 9272679, 9359884, 14504787, 21767543, 15805307}	3.916151322833608e-12	0.0022570649161934853	0.00411522633744856
trigonella foenum-graecum	high cholesterol	8	659	7703	33810017	{34539904, 26280170, 22471470, 31988303, 26220304, 15298963, 26147513, 19935901}	5.3606913141327214e-12	0.003365537151694298	0.0010385564065948333
clobenpropit	seizures	11	170	99164	33810017	{9739010, 15319804, 11411342, 15130703, 11640977, 14660019, 7957622, 9826104, 20511290, 10874588, 15179677}	5.557055157646618e-12	0.06263743503950536	0.00011092735266830705
perillyl alcohol	growth suppression	6	339	4063	33810017	{15229351, 18507048, 27102697, 8886130, 18645014, 18768668}	5.8462725445970846e-12	0.00225817714817822	0.0014767413241447206
(-)-phenserine	neuroblastoma	7	91	37221	33810017	{17627035, 15681799, 15314261, 11404470, 11273593, 17003227, 16690718}	1.4621351225924617e-11	0.025993017945438623	0.00018806587678998416
ery	erysipelas	6	740	2241	33810017	{31219054, 28405422, 11337140, 16921879, 26100922, 10411263}	1.8057077371404776e-11	0.0019126390106976032	0.002677376171352075
h2-receptor antagonists	nausea	26	2600	65512	33810017	{32875528, 16605193, 30240657, 9279507, 2043287, 11693467, 6095662, 8801073, 2180030, 1888833, 29860931, 25944644, 11704777, 15338068, 2093017, 30360666, 1670619, 25307228, 1981922, 3069285, 25752807, 9780715, 9347180, 24636270, 3121276, 10597119}	3.288020301766606e-11	0.07245966605842113	0.00039687385517157164
cephacetrile	pneumoniae	7	114	61935	33810017	{340385, 23336133, 649999, 823280, 329618, 1047636, 4377}	2.398780608963174e-09	0.04793191305361688	0.00011302171631549204
wheat	iron deficiency anemia	42	64329	7875	33810017	{17075969, 20236546, 103043, 107784, 12035848, 32724619, 23609613, 28684433, 27722771, 23094165, 9482776, 24683675, 26385949, 34038558, 24444577, 32529061, 18297896, 23284266, 15743019, 32033590, 23945403, 23323072, 27171139, 25830598, 10737228, 15887437, 17215188, 25527765, 7858644, 23014487, 10047703, 30996438, 17974363, 16929243, 17023710, 23074399, 23444707, 34072813, 18301806, 10355314, 33830390, 26006779}	7.619927851517027e-09	0.005821431055665016	0.005333333333333333
emtricitabine tenofovir alafenamide	arms	7	140	67242	33810017	{31464642, 31846985, 31303147, 28076335, 33335931, 29627709, 33528318}	1.7535282365307025e-08	0.031576452078297734	0.00010410160316468874
fucus vesiculosus	ash	7	513	19687	33810017	{28147712, 32344706, 29140261, 32545350, 18194859, 30274353, 27011287}	3.120990313990857e-08	0.08922684704884887	0.00035556458576725756
onion	cholesterol gallstones	6	5940	1091	33810017	{18983715, 20079366, 20153000, 23364205, 21756271, 26147513}	5.7572126890295176e-08	0.001966868992894888	0.005499541704857928
nimesulide	colon cancer	15	1641	51007	33810017	{15892897, 12086401, 16774945, 18349538, 22849544, 17893232, 23042097, 24215890, 19415698, 15359292, 28656311, 10783320, 11216473, 11911260, 9473726}	5.832261609186256e-08	0.010738523909822106	0.00029407728351010646
colistin	lactose:	21	7790	22802	33810017	{31645828, 26340361, 12084498, 23660708, 26842149, 26842152, 34165418, 12433451, 1885744, 35208754, 33376444, 788294, 3711302, 3968202, 7229004, 7076812, 2586190, 31634643, 31886427, 31930340, 6715516}	1.7687160925704142e-07	0.02204409590922296	0.0009209718445750373
romiplostim	myeloid leukemia	9	557	49963	33810017	{25455280, 23690288, 22906162, 28592755, 20008626, 22127320, 24706489, 26329147, 22082044}	2.1645225732707197e-07	0.01167409517802298	0.00018013329864099433
quinupristin	infective endocarditis	7	1104	12453	33810017	{12462433, 20844611, 11706922, 16872491, 27689100, 18395180, 26565015}	2.511307235525544e-07	0.004122138023376465	0.0005621135469364812
alpha interferon	polyarthritis	11	5297	9264	33810017	{10502017, 9662754, 9465381, 16398316, 11529644, 12635503, 18433328, 8861523, 19077973, 1411190, 3098327}	3.964333617453183e-07	0.004610610892996192	0.001187392055267703
simvastatin and ezetimibe	atrial fibrillation	6	141	80392	33810017	{21996417, 24903982, 22520536, 24083535, 23416018, 25438232}	1.3453452545174665e-06	0.019256880041211843	7.463429196935019e-05
sertraline	dyskinesia	12	4943	13691	33810017	{8544966, 23609383, 26752908, 16607468, 26792111, 9294735, 30575411, 8875667, 32546134, 28349014, 28759866, 10950491}	1.3586138655154668e-06	0.012766990112140775	0.0008764882039295887
pramlintide	anorexia	6	366	31793	33810017	{26424675, 17064208, 16278328, 29029531, 11919132, 17617279}	1.6577562010147094e-06	0.03644958697259426	0.00018872078759475357
melarsoprol	anaemia	6	347	34663	33810017	{3143492, 29043174, 17463047, 1355219, 21420376, 8249087}	1.99868788225306e-06	0.021449494874104857	0.0001730952312263797
prochloraz	abc	6	441	27690	33810017	{34406787, 27028005, 35205191, 32050894, 24389113, 26499483}	2.196280151797095e-06	0.024291543988510966	0.00021668472372697725
e2 prostaglandin	glomerular	7	209	96352	33810017	{10654821, 11181968, 11849393, 1532566, 6799003, 6696925, 34069822}	2.884006469544732e-06	0.052135507110506296	7.265028229823979e-05
baricitinib	sharp	9	669	57752	33810017	{28199814, 29765703, 30078086, 33725321, 30886733, 31168413, 32811536, 35193872, 34526397}	3.1585158160823393e-06	0.03328745695762336	0.000155838758830863
benzil	mono	6	280	55308	33810017	{14415624, 18963222, 18961756, 26146393, 26952764, 29147517}	8.284487912581418e-06	0.029048128984868526	0.00010848340203948796
aminopterin	radial aplasia/hypoplasia	7	1100	25705	33810017	{6825121, 3308323, 19938091, 8357010, 13156372, 7894742, 22434686}	2.7012098509089915e-05	0.009090350940823555	0.0002723205602022953
copolymer	ovarian cancer	78	27237	59535	33810017	{19660809, 32263178, 16529420, 24725005, 20039697, 20073508, 31353381, 11389998, 17869367, 21536326, 31260753, 26636884, 16283736, 25185891, 26912357, 22475886, 31099014, 26855050, 12675211, 29458574, 32296591, 27539088, 20604578, 32364706, 22844591, 24116912, 31819443, 33160373, 27020984, 23469757, 25319102, 23827653, 26417350, 32263369, 24668891, 25092316, 17308894, 11489506, 29381366, 32279799, 31730949, 20127011, 9466663, 16749867, 22888237, 27911475, 34606388, 23957812, 26214199, 26410808, 27444549, 25270092, 22276949, 22750042, 27620699, 12033370, 29593949, 27791199, 33299312, 23474033, 31705975, 24955779, 28277671, 18005929, 24266669, 24316339, 8641974, 30305216, 31817672, 26394060, 22350800, 24346086, 31132647, 33803751, 25192941, 33845742, 23838194, 18729468}	4.07085565790391e-05	0.02029778086580336	0.001310153691106072
anethole	nad	6	639	36997	33810017	{22610435, 12180195, 8339252, 24066043, 15914268, 32424605}	8.784670163998338e-05	0.02373298304155469	0.0001621753115117442
colony stimulating factors	hypercalcemia	7	2576	13984	33810017	{2473793, 8609700, 1883526, 6600966, 2212010, 1924309, 8321079}	0.00012178040827806166	0.009620636934414506	0.0005005720823798627
analgesics	tendinitis	10	30376	2522	33810017	{1738752, 8787303, 23862089, 23845292, 21737231, 19725488, 30744914, 25622930, 28376756, 19540570}	0.00012630147331794893	0.002566815121099353	0.003965107057890563
3-aminobenzamide	mitochondrial dysfunction	6	1062	24356	33810017	{30389154, 8396329, 11461900, 25111857, 10995836, 19620254}	0.00014360431911322028	0.009485392132773995	0.0002463458696009197
cefotiam	ascites	6	652	43185	33810017	{6302346, 12621738, 3911148, 6304366, 6325751, 23461214}	0.00022427994625881758	0.03850511182099581	0.00013893713094824593
linum usitatissimum	inheritance	6	742	46031	33810017	{24248076, 24201485, 24419325, 24276920, 17205337, 11094749}	0.0006173323474799763	0.026938796043395996	0.00013034694010558102
specific immunoglobulins	swelling	9	804	96812	33810017	{29691361, 2913129, 29687337, 25150251, 16507120, 1451700, 28901397, 29752757, 33174074}	0.0006298516468581006	0.05499455495737493	9.29636821881585e-05
(-)-cystine	hypokalemia	9	10121	8083	33810017	{1956743, 17172073, 23431081, 21750641, 14610675, 2919605, 22497686, 31672123, 34911613}	0.0009078564634604478	0.005377284018322825	0.0011134479772361746
glycyrrhizin	constipation	6	1773	26404	33810017	{21881253, 16791400, 23703562, 29380109, 21881230, 34604277}	0.0030186034357989047	0.016847793012857437	0.00022723829722769278
(-)-calyculin a	glioma	7	1283	49938	33810017	{27154977, 9003077, 16079401, 28068557, 9774459, 1324669, 9614207}	0.0033676647399806187	0.0895730690099299	0.00014017381553125876
tolbutamide	twitch	7	4451	15224	33810017	{16418275, 1941637, 2129231, 2600854, 1908730, 11902810, 1658303}	0.004570445816658754	0.014653009129688144	0.0004598003152916448
